source,target,route_id
8000,7821,65-202
8000,7238,66-203
1031,6505,321-202
1031,8029,OUT-202
8002,8099,65-202
8002,8004,66-203
7089,8019,OUT-202
8004,8016,65-202
8004,7303,66-203
1332,8017,OUT-202
1090,7105,24B-202
1090,7106,OUT-202
8006,8008,65-202
8006,1865,66-203
8008,8018,65-202
8008,1701,66-203
7106,8015,OUT-202
8010,7449,65-202
8010,8014,66-203
7108,7110,OUT-202
1049,7108,OUT-202
7110,1051,OUT-202
7112,8493,OUT-202
1051,8491,OUT-202
7114,7116,OUT-202
8491,7112,OUT-202
7116,8495,OUT-202
8493,7114,OUT-202
7118,8497,OUT-202
8495,7118,OUT-202
8497,7120,OUT-202
7120,7121,OUT-202
7121,7122,OUT-202
7122,7119,OUT-202
7119,7117,OUT-202
8498,7115,OUT-202
7117,8498,OUT-202
8496,8494,OUT-202
7115,8496,OUT-202
8494,7113,OUT-202
8492,7111,OUT-202
7113,8492,OUT-202
1054,7107,OUT-202
7111,7109,OUT-202
7109,1054,OUT-202
1056,1079,OUT-202
7107,1056,OUT-202
8011,8009,65-202
8011,7624,66-203
8009,8024,65-202
8009,1856,66-203
1079,8014,OUT-202
8007,8763,65-202
8007,8005,66-203
1089,8016,OUT-202
1094,7088,OUT-202
8005,8080,65-202
8005,7688,66-203
7088,8028,OUT-202
8003,8001,65-202
8003,7698,66-203
8001,7811,66-203
7023,8882,OUT-202
1096,7282,321-202
1096,7186,OUT-202
7030,5184,195-203
7082,7084,195-203
7084,5182,195-203
1524,5180,195-203
7212,5172,195-203
7212,4160,966-203
7214,7216,966-203
7215,7218,966-203
7213,4053,966-203
7211,5169,195-203
7211,4055,966-203
7135,5171,195-203
7135,4057,966-203
7131,4059,966-203
7059,5914,195-203
7136,7212,195-203
7136,7223,966-203
8118,8120,195-203
8120,5133,195-203
8122,5227,195-203
8122,7448,65-202
8124,8126,195-203
8124,7450,65-202
8126,5211,195-203
8126,8128,65-202
8131,5226,195-203
8131,7447,65-202
8129,5240,195-203
8129,7445,65-202
8128,5209,195-203
8128,7452,65-202
8127,8125,195-203
8127,7443,65-202
8130,1631,195-203
8130,8019,65-202
8125,5242,195-203
8125,1846,65-202
8123,5142,195-203
8121,5138,195-203
8119,8117,195-203
8117,5136,195-203
7133,5173,195-203
3355,3093,83-203
3221,4259,83-203
4222,3116,83-203
3219,3110,83-203
4227,3190,83-203
4227,3152,856-203
4299,3039,83-203
4260,3192,83-203
3742,3194,83-203
3587,3156,83-203
3586,3173,83-203
4245,3114,83-203
4246,3118,83-203
3589,3098,83-203
3588,3306,83-203
4315,3355,83-203
4259,3048,83-203
3744,3097,83-203
4982,4702,982-221
4982,4713,983-221
5914,7053,195-203
5906,1775,67A-202
1546,7952,67A-202
5779,1356,67A-202
8151,1869,67A-202
1869,7645,67A-202
8149,8539,67A-202
8146,1862,67A-202
1862,1350,67A-202
8148,7025,67A-202
5814,1559,67A-202
1559,1771,67A-202
5910,1642,195-203
1642,7030,195-203
1643,7059,195-203
1004,5910,195-203
8141,7138,195-203
8139,7126,195-203
8137,1656,195-203
8133,1658,195-203
8132,8134,195-203
8134,8997,195-203
8136,8995,195-203
8138,8355,195-203
7065,1643,195-203
5172,5170,195-203
5170,8886,195-203
8907,7143,24B-202
8905,7069,24B-202
8903,7040,24B-202
7029,1090,24B-202
8353,8330,195-203
8353,7033,24B-202
8351,8332,195-203
8539,1737,67A-202
8537,7641,67A-202
8334,8336,195-203
8334,1335,67A-202
8242,7634,67A-202
8331,8329,195-203
8331,1352,67A-202
8243,7637,67A-202
8534,7636,67A-202
1456,1348,67A-202
8354,8331,195-203
8356,8327,195-203
8356,5908,24B-202
8900,1083,24B-202
8902,8368,24B-202
8904,8370,24B-202
8906,7162,24B-202
5184,7082,195-203
5182,1524,195-203
5180,5178,195-203
5178,7136,195-203
8886,1648,195-203
1648,8888,195-203
8888,8890,195-203
8890,1650,195-203
1650,5127,195-203
5127,8892,195-203
8892,1635,195-203
1635,8894,195-203
8894,5131,195-203
5131,8118,195-203
5133,8122,195-203
5227,5269,195-203
5269,8124,195-203
5211,8128,195-203
5209,8130,195-203
1633,8132,195-203
8997,8136,195-203
8995,1619,195-203
1619,8138,195-203
8355,8328,195-203
8328,8353,195-203
8330,8351,195-203
8332,8347,195-203
8347,8334,195-203
8336,8345,195-203
8345,8343,195-203
8343,8338,195-203
8338,8340,195-203
8340,8341,195-203
8341,8342,195-203
8342,8339,195-203
8339,8337,195-203
8337,8346,195-203
8346,8335,195-203
8335,8348,195-203
8348,8333,195-203
8333,8350,195-203
8350,8354,195-203
8329,8356,195-203
8327,8584,195-203
8584,8141,195-203
7138,8139,195-203
7126,8137,195-203
1656,8133,195-203
1658,5224,195-203
5224,8131,195-203
5226,8129,195-203
5240,8127,195-203
5242,5144,195-203
5144,8123,195-203
5142,8121,195-203
5138,8119,195-203
5136,8897,195-203
8897,5134,195-203
5134,1649,195-203
1649,8895,195-203
8895,8893,195-203
8893,1651,195-203
1651,8891,195-203
8891,5159,195-203
5159,5161,195-203
5161,8889,195-203
8889,5165,195-203
5165,7211,195-203
5169,7135,195-203
5171,7133,195-203
5173,7065,195-203
7223,7212,966-203
7221,4045,966-203
7219,7214,966-203
7217,4162,966-203
7216,7217,966-203
7218,7220,966-203
7220,7213,966-203
7222,7211,966-203
8863,7439,65-202
8863,8044,OUT-202
8222,8224,OUT-202
8224,7195,OUT-202
8226,7193,OUT-202
8229,7192,OUT-202
8227,7194,OUT-202
8225,7198,OUT-202
1095,8900,24B-202
1083,1466,24B-202
7039,8904,24B-202
7154,8906,24B-202
7154,1941,72X-205
7162,8372,24B-202
7166,8293,24B-202
8200,1767,24B-202
8202,8279,24B-202
8204,8277,24B-202
8208,8272,24B-202
1881,7440,65-202
1881,7199,OUT-202
8868,1845,65-202
8868,7197,OUT-202
8207,8278,24B-202
8205,8280,24B-202
8203,1720,24B-202
8201,8296,24B-202
7151,8298,24B-202
7151,6596,309-221
7149,8907,24B-202
7149,6204,72X-205
7143,8905,24B-202
7069,8903,24B-202
7040,7029,24B-202
7105,8353,24B-202
1053,8364,24B-202
8364,1095,24B-202
1466,8902,24B-202
8368,7039,24B-202
8370,7154,24B-202
8372,8295,24B-202
8295,7166,24B-202
8293,8200,24B-202
1767,8202,24B-202
8279,8204,24B-202
8277,8208,24B-202
8272,7288,24B-202
7288,8274,24B-202
8274,8265,24B-202
8265,8300,24B-202
8265,8167,67A-202
8300,1406,24B-202
1406,8325,24B-202
8325,8306,24B-202
8306,8323,24B-202
8323,8308,24B-202
8308,8321,24B-202
8321,8310,24B-202
8310,8319,24B-202
8319,8312,24B-202
8312,8317,24B-202
8317,8314,24B-202
8314,8315,24B-202
8313,8316,24B-202
8316,8318,24B-202
8318,8311,24B-202
8311,8320,24B-202
8320,8309,24B-202
8309,8322,24B-202
8322,8307,24B-202
8307,8324,24B-202
8324,8305,24B-202
8305,8326,24B-202
8326,8303,24B-202
8303,8266,24B-202
8266,7167,24B-202
8266,8164,67A-202
7167,8273,24B-202
8273,8301,24B-202
8301,8271,24B-202
8271,8207,24B-202
8278,8205,24B-202
8280,8203,24B-202
1720,8201,24B-202
8296,7151,24B-202
8298,7149,24B-202
7033,1641,24B-202
1641,8371,24B-202
8371,8369,24B-202
8369,8367,24B-202
8367,8365,24B-202
8365,8462,24B-202
8822,8824,66-203
8824,8849,66-203
8833,8842,66-203
8831,8846,66-203
8829,8848,66-203
7064,6606,309-203
7063,6957,309-221
7055,6626,309-221
8596,8163,67A-202
8499,8158,67A-202
8594,8598,67A-202
7285,8160,67A-202
7147,1936,72X-205
7140,6573,321-202
7140,6235,72X-205
7146,2013,321-202
8847,8828,66-203
7145,7141,72X-205
7141,2005,321-202
7141,6212,72X-205
1536,7500,321-202
8853,8820,66-203
8852,1836,66-203
7503,7502,321-202
1836,8821,66-203
8851,8822,66-203
7164,6328,309-203
7501,1745,321-202
8849,8826,66-203
1834,8819,66-203
7170,7176,309-203
1873,8847,66-203
7176,4078,966-203
8606,1335,321-202
8608,7637,321-202
8610,1333,321-202
1831,8816,66-203
1833,8818,66-203
8613,7630,321-202
1411,1354,321-202
8609,8607,321-202
8607,7634,321-202
8844,8831,66-203
7177,3955,966-203
8846,8829,66-203
7175,6590,309-221
8848,8827,66-203
7171,6592,309-221
8850,8823,66-203
1402,1392,67A-202
8382,8879,66-203
8384,8268,66-203
1861,8016,66-203
7627,8068,321-202
7627,8018,66-203
7625,8070,321-202
7623,1536,321-202
7500,7503,321-202
7502,7501,321-202
1745,7615,321-202
7620,8069,321-202
7622,8067,321-202
7624,1882,321-202
7624,8009,66-203
1856,1022,66-203
8385,8034,66-203
8383,8814,66-203
1405,8587,67A-202
8581,6702,309-203
8581,1867,309-221
8736,8969,67A-202
7709,1042,67A-202
7699,8742,67A-202
8541,4015,966-203
7180,6595,309-203
7180,6599,309-221
7180,4351,966-203
7202,6592,309-203
7202,6597,309-221
7202,4084,966-203
7208,6596,309-203
7208,3901,966-203
8700,6957,309-203
8700,6614,309-221
1866,8704,309-203
1866,6948,309-221
8704,6955,309-203
8704,6724,309-221
8715,6729,309-203
8715,6721,309-221
8708,6623,309-203
8708,6726,309-221
8713,8091,309-203
8713,6733,309-221
8712,2419,309-203
8093,6728,309-221
8091,2392,309-203
8091,8711,309-221
8716,6724,309-203
8716,6716,309-221
8711,2390,309-203
8711,6731,309-221
8718,6728,309-203
8718,8750,309-221
8709,6953,309-203
8709,6729,309-221
8707,8703,309-203
8707,6611,309-221
8703,6626,309-203
8703,6613,309-221
8701,6593,309-203
8701,6615,309-221
7207,6328,309-221
7205,6600,309-221
7203,6602,309-221
7203,4136,966-203
7203,1881,OUT-202
8742,1763,67A-202
7201,6595,309-221
7201,4140,966-203
8739,8960,67A-202
7795,8958,67A-202
1039,1040,309-221
6680,6694,309-203
2392,8711,309-203
2390,8709,309-203
6953,8707,309-203
6955,2033,309-203
6955,7055,309-221
6955,6362,325-221
6626,6567,309-203
6626,6364,325-221
2063,6366,325-221
6197,6392,325-221
6197,2355,361-203
2211,7064,309-203
6606,7164,309-203
6606,7207,309-221
6328,7205,309-221
6600,7170,309-203
6600,7203,309-221
6602,7180,309-203
6602,7201,309-221
6595,7177,309-221
6592,7208,309-203
6592,7151,309-221
6596,8700,309-203
6596,7063,309-221
6957,1866,309-203
2033,8708,309-203
6623,8712,309-203
2419,8093,309-203
6724,6726,309-203
6724,8708,309-221
6726,8718,309-203
6726,8712,309-221
6728,8750,309-203
8750,6718,309-203
8750,6714,309-221
6718,8752,309-203
6718,8716,309-221
8752,8780,309-203
8752,6706,309-221
8780,6716,309-203
8780,6708,309-221
6716,8718,309-221
6714,8756,309-203
6714,6712,309-221
8756,8754,309-203
8756,6710,309-221
8754,6712,309-203
8754,6704,309-221
6712,8752,309-221
6706,1496,309-203
6706,8780,309-221
1496,6708,309-203
1496,6707,309-221
6708,8971,309-203
6708,8756,309-221
8971,8973,309-203
8971,6700,309-221
8973,6710,309-203
8973,6698,309-221
6710,1618,309-203
6710,8754,309-221
1618,6704,309-203
1618,8477,309-221
6704,8477,309-203
6704,1496,309-221
8477,6707,309-203
8477,6696,309-221
6707,8971,309-221
6700,8302,309-203
6700,8973,309-221
8302,6698,309-203
8302,8593,309-221
6698,8593,309-203
6698,1618,309-221
8593,6696,309-203
8593,6687,309-221
6696,1039,309-203
6694,8302,309-221
6687,6699,309-203
6699,1428,309-203
6699,8581,309-221
1428,6701,309-203
1428,1039,309-221
6701,1040,309-203
6701,6703,309-221
1040,6703,309-203
1040,6680,309-221
6703,8737,309-221
6705,8581,309-203
6705,1727,309-221
6702,1867,309-203
6702,8962,309-221
1867,8737,309-203
1867,6701,309-221
8737,6709,309-203
8737,6705,309-221
6709,1727,309-203
6709,8761,309-221
1727,6715,309-203
1727,6702,309-221
6715,6713,309-203
6715,8757,309-221
6713,8962,309-203
8962,8761,309-203
8962,6709,309-221
8761,6711,309-203
6711,8759,309-203
6711,8755,309-221
8759,6717,309-203
8759,6715,309-221
6717,6719,309-221
6719,8757,309-203
6719,8751,309-221
8757,6713,309-221
8755,6721,309-203
6723,8753,309-203
6723,8713,309-221
8753,6733,309-203
8753,6717,309-221
6733,8751,309-203
6733,8091,309-221
8751,6731,309-203
8751,8715,309-221
6731,8715,309-203
6731,8709,309-221
6729,8713,309-203
6729,8707,309-221
6567,8701,309-203
6593,7207,309-203
6599,7202,309-221
6597,6601,309-221
6616,8700,309-221
6614,1866,309-221
6948,8704,309-221
6611,8703,309-221
6613,8701,309-221
6233,1420,72X-205
6191,6370,325-221
6191,2158,361-203
1775,7952,321-202
1775,1546,67A-202
2024,1338,321-202
1355,7231,321-202
1355,6394,325-221
1355,8148,67A-202
7025,7227,321-202
7025,6398,325-221
7025,5814,67A-202
1773,7284,321-202
1773,2014,325-221
2014,2496,321-202
2014,6400,325-221
2496,1031,321-202
2496,2215,325-221
6402,6498,325-221
6575,6321,325-221
6419,6573,325-221
6573,7146,321-202
6573,6417,325-221
2013,1096,321-202
2013,6413,325-221
7952,7228,321-202
7952,6411,325-221
7952,5779,67A-202
1356,7230,321-202
1356,1327,67A-202
1356,6409,325-221
1338,6496,321-202
6496,7140,321-202
7282,1775,321-202
7228,1356,321-202
7230,1327,321-202
1327,8612,321-202
1327,8151,67A-202
8612,8614,321-202
8614,7645,321-202
7645,7643,67A-202
7643,8616,321-202
7643,8149,67A-202
8616,8618,321-202
8618,1737,321-202
1737,8537,67A-202
7641,8620,321-202
7641,7639,67A-202
8620,8622,321-202
8622,7639,321-202
7639,8606,321-202
7639,8334,67A-202
1335,8608,321-202
1335,8243,67A-202
7637,8610,321-202
7637,8800,67A-202
1333,1848,67A-202
1603,8854,321-202
8854,8064,321-202
8064,7631,321-202
8064,8094,65-202
7631,8094,321-202
7631,8804,67A-202
8094,1605,321-202
8094,1718,65-202
1605,1097,321-202
1097,1887,321-202
1887,7627,321-202
8068,7625,321-202
8068,8070,65-202
8070,7616,321-202
8070,8067,65-202
7616,7623,321-202
7615,7620,321-202
8069,7622,321-202
8069,8068,65-202
8067,7624,321-202
8067,8092,65-202
1882,8092,321-202
8092,1602,321-202
8092,1765,65-202
1602,8881,321-202
8881,8858,321-202
8858,8613,321-202
8858,8805,67A-202
7630,1411,321-202
7630,8857,67A-202
1354,7632,321-202
1354,8801,67A-202
7632,8609,321-202
7632,8242,67A-202
7634,8625,321-202
7634,8331,67A-202
8625,1352,321-202
1352,8623,321-202
1352,8534,67A-202
8623,7636,321-202
7636,8621,321-202
7636,7638,67A-202
8621,7638,321-202
7638,8617,321-202
7638,1456,67A-202
8617,1348,321-202
1348,1443,321-202
1348,8146,67A-202
1443,1350,321-202
1350,8615,321-202
1350,1355,67A-202
8615,1355,321-202
7231,7025,321-202
7231,4142,966-203
7227,1773,321-202
7227,4144,966-203
7284,2014,321-202
6505,7145,321-202
1759,6276,72X-205
1810,6955,325-221
6362,6626,325-221
6364,2063,325-221
6366,6574,325-221
6574,6576,325-221
6576,6182,325-221
6182,6156,325-221
6578,6319,325-221
6156,6578,325-221
6580,6306,325-221
6319,6580,325-221
6582,6508,325-221
6306,6582,325-221
6508,6308,325-221
6308,6313,325-221
6510,6311,325-221
6313,6510,325-221
6311,6512,325-221
6512,6511,325-221
6511,6309,325-221
6309,6509,325-221
6307,6325,325-221
6509,6307,325-221
6507,6531,325-221
6325,6507,325-221
6323,6575,325-221
6531,6323,325-221
6321,2218,325-221
2218,6419,325-221
6417,6415,325-221
6415,2013,325-221
6413,1777,325-221
6411,1356,325-221
6409,7642,325-221
7642,6191,325-221
6370,6568,325-221
6568,6372,325-221
6384,6386,325-221
6372,6384,325-221
6372,6374,361-203
6386,6374,325-221
6374,6388,325-221
6399,6397,325-221
6388,6399,325-221
6397,6378,325-221
6378,6380,325-221
6395,6382,325-221
6380,6395,325-221
6382,6405,325-221
6405,6403,325-221
6403,6389,325-221
6389,6387,325-221
6389,6030,361-203
6401,6569,325-221
6387,6401,325-221
6387,2431,361-203
6385,7649,325-221
6569,6385,325-221
7649,6197,325-221
6392,6565,325-221
6394,6396,325-221
6396,7025,325-221
6398,1773,325-221
6400,2496,325-221
2215,6312,325-221
6312,6402,325-221
6498,6314,325-221
6314,6500,325-221
6316,6344,325-221
6500,6316,325-221
2214,6502,325-221
6344,2214,325-221
6444,6476,325-221
6502,6444,325-221
6504,6304,325-221
6476,6504,325-221
6304,6506,325-221
6506,6517,325-221
6517,6937,325-221
6515,6513,325-221
6315,6515,325-221
6513,6310,325-221
6310,6189,325-221
6583,6581,325-221
6189,6583,325-221
6581,6199,325-221
6199,6579,325-221
6381,6577,325-221
6579,6381,325-221
6577,6379,325-221
6379,2172,325-221
6022,2108,361-203
6748,6856,361-203
2188,6874,361-203
2127,2336,361-203
6048,2127,361-203
2144,2131,361-203
6030,6387,361-203
6888,6191,361-203
6035,2152,361-203
2143,2179,361-203
2179,6923,361-203
6923,2335,361-203
2335,6771,361-203
6771,6025,361-203
6025,2472,361-203
6128,6281,72X-205
6125,1760,72X-205
1760,2437,72X-205
6376,6048,361-203
2336,6947,361-203
6947,2144,361-203
2131,6389,361-203
2431,6888,361-203
2158,2174,361-203
2174,6768,361-203
6768,2160,361-203
2160,2176,361-203
2176,6780,361-203
6780,6795,361-203
6795,2204,361-203
2204,2110,361-203
2110,2164,361-203
2164,2178,361-203
2178,2166,361-203
2166,6764,361-203
6764,2470,361-203
2470,2168,361-203
2168,2476,361-203
2476,6266,361-203
6266,2135,361-203
2135,2475,361-203
2475,2478,361-203
2478,2347,361-203
2347,2133,361-203
2133,6958,361-203
6958,6022,361-203
2108,2254,361-203
2254,6106,361-203
6106,6748,361-203
6856,2188,361-203
6874,6858,361-203
6858,6876,361-203
6876,6860,361-203
6860,2212,361-203
2212,6862,361-203
6862,6881,361-203
6881,6864,361-203
6864,6879,361-203
6879,6866,361-203
6866,6877,361-203
6877,6868,361-203
6868,6875,361-203
6875,6870,361-203
6870,6873,361-203
6873,6885,361-203
6885,6871,361-203
6871,6883,361-203
6883,6869,361-203
6869,6083,361-203
6083,6867,361-203
6867,6775,361-203
6775,2195,361-203
2195,2154,361-203
2154,2447,361-203
2447,2156,361-203
2156,2329,361-203
2329,2149,361-203
2149,2445,361-203
2445,2147,361-203
2147,2451,361-203
2451,2145,361-203
2145,2141,361-203
2141,2171,361-203
2171,2273,361-203
2273,6799,361-203
6799,2169,361-203
2169,6797,361-203
6797,2162,361-203
2162,2167,361-203
2167,6035,361-203
2152,2233,361-203
2233,6033,361-203
2472,2474,361-203
2474,2477,361-203
2477,6785,361-203
6785,6813,361-203
6813,6811,361-203
6811,6793,361-203
6793,6197,361-203
2355,6372,361-203
8044,7437,65-202
8044,7200,OUT-202
8046,7435,65-202
7999,1075,65-202
8766,8000,65-202
7821,8098,65-202
8098,1607,65-202
1607,1474,65-202
1474,8002,65-202
8099,8014,65-202
8014,7455,65-202
8014,1469,66-203
8014,1089,OUT-202
7455,8004,65-202
8016,7453,65-202
8016,7627,66-203
8016,8018,OUT-202
7453,8006,65-202
8018,7451,65-202
8018,8692,66-203
8018,1094,OUT-202
7451,8010,65-202
7449,8131,65-202
7447,8129,65-202
7445,8127,65-202
7443,8125,65-202
1846,7441,65-202
7441,8863,65-202
7439,8044,65-202
7437,8046,65-202
7435,8048,65-202
8048,7433,65-202
7433,8050,65-202
7433,1880,782-221
8050,7431,65-202
7431,7429,65-202
7429,8052,65-202
8052,7427,65-202
7427,8054,65-202
8054,8056,65-202
8056,7425,65-202
7425,8038,65-202
8038,7423,65-202
7423,8060,65-202
8060,7421,65-202
7421,8062,65-202
8062,8073,65-202
8073,8071,65-202
8071,8064,65-202
1718,8069,65-202
1765,8063,65-202
8063,8072,65-202
8072,8061,65-202
8061,8074,65-202
8074,8059,65-202
8059,7422,65-202
7422,7424,65-202
7424,8039,65-202
8039,8055,65-202
8055,7426,65-202
7426,8053,65-202
8053,7428,65-202
7428,8051,65-202
8051,7430,65-202
7430,7432,65-202
7432,8049,65-202
8049,8047,65-202
8047,7434,65-202
7434,7436,65-202
7436,7999,65-202
1075,7438,65-202
7438,1881,65-202
7440,7442,65-202
7442,8868,65-202
1845,7444,65-202
7444,7446,65-202
7446,8122,65-202
7448,8124,65-202
7450,8126,65-202
7452,8799,65-202
8799,8130,65-202
8019,8017,66-203
8019,1332,OUT-202
8017,8015,65-202
8017,7997,66-203
8017,1090,OUT-202
8015,8011,65-202
8015,1855,66-203
8015,1049,OUT-202
8024,8007,65-202
8763,8005,65-202
8080,8003,65-202
7238,7244,782-221
7810,8002,66-203
7810,7863,782-221
7303,8006,66-203
7303,1865,782-221
1865,8977,66-203
1865,7861,782-221
8977,8008,66-203
1701,8010,66-203
1469,1861,66-203
8692,8028,66-203
8028,1892,66-203
8028,8030,OUT-202
1892,8030,66-203
8030,8882,66-203
8030,7023,OUT-202
8882,8174,66-203
8882,1096,OUT-202
8174,8267,66-203
8267,8032,66-203
8032,8385,66-203
8032,7188,OUT-202
8034,8812,66-203
8034,8221,OUT-202
8812,8383,66-203
8814,1829,66-203
1829,1831,66-203
8816,1833,66-203
8818,8853,66-203
8820,8851,66-203
8826,1873,66-203
8828,8845,66-203
8845,8830,66-203
8830,1868,66-203
1868,8843,66-203
8843,8841,66-203
8841,8832,66-203
8832,8834,66-203
8834,8839,66-203
8839,8836,66-203
8836,1883,66-203
1883,8838,66-203
8838,8837,66-203
8837,8835,66-203
8835,8840,66-203
8840,8833,66-203
8842,8844,66-203
8827,8825,66-203
8825,8850,66-203
8823,8852,66-203
8821,1834,66-203
8819,8035,66-203
8035,1832,66-203
8035,7187,OUT-202
1832,8033,66-203
8033,8382,66-203
8033,7185,OUT-202
8879,8384,66-203
8879,8031,OUT-202
8268,8031,66-203
8031,8029,66-203
8031,1031,OUT-202
8029,8179,66-203
8029,7089,OUT-202
8179,8177,66-203
8177,8019,66-203
7997,8015,66-203
1855,8011,66-203
1022,8007,66-203
7688,8003,66-203
7698,8001,66-203
7698,7856,782-221
7811,7245,782-221
8802,1333,67A-202
1848,1603,67A-202
8804,8806,67A-202
8806,7995,67A-202
7995,8269,67A-202
8269,8169,67A-202
8169,8265,67A-202
8167,1367,67A-202
1367,8165,67A-202
8165,8596,67A-202
8161,8594,67A-202
8598,1025,67A-202
1025,1365,67A-202
1365,1405,67A-202
8587,8965,67A-202
8965,8967,67A-202
8967,8736,67A-202
8969,8738,67A-202
1042,1532,67A-202
1532,7699,67A-202
1763,1033,67A-202
1033,8479,67A-202
8960,7795,67A-202
8958,8990,67A-202
8990,8599,67A-202
1392,8156,67A-202
8156,1369,67A-202
1369,8499,67A-202
8158,7285,67A-202
8160,1394,67A-202
1394,8162,67A-202
8162,8266,67A-202
8164,8270,67A-202
8270,1878,67A-202
1878,8807,67A-202
8807,8858,67A-202
8805,7630,67A-202
8857,1354,67A-202
8801,7632,67A-202
1420,7140,72X-205
7505,7573,782-221
7523,2435,72X-205
7144,6053,72X-205
7521,6290,72X-205
7152,7154,72X-205
7519,7517,72X-205
7517,6250,72X-205
1028,4021,966-203
7515,7513,72X-205
7515,7581,782-221
7513,6254,72X-205
7513,7579,782-221
7511,6200,72X-205
7511,7509,782-221
7509,7575,782-221
7504,7574,782-221
7020,1998,72X-205
7506,7576,782-221
7508,7578,782-221
7510,6210,72X-205
7510,7580,782-221
7512,6207,72X-205
7512,7584,782-221
7514,7516,72X-205
7514,7586,782-221
7516,6201,72X-205
7516,7588,782-221
7518,6259,72X-205
7520,7522,72X-205
7522,6287,72X-205
7524,6285,72X-205
6062,6277,72X-205
6798,2388,72X-205
2388,6279,72X-205
6066,6267,72X-205
6068,6463,72X-205
6072,6074,72X-205
6074,6258,72X-205
6064,6075,72X-205
6080,6073,72X-205
6082,6069,72X-205
2103,2439,72X-205
6261,6067,72X-205
6263,6065,72X-205
6262,6063,72X-205
6264,6823,72X-205
6282,6060,72X-205
6280,6284,72X-205
6284,6125,72X-205
2437,7523,72X-205
2435,7521,72X-205
6290,6292,72X-205
6292,7519,72X-205
6250,6252,72X-205
6252,7515,72X-205
6254,6256,72X-205
6256,7511,72X-205
6200,7149,72X-205
6204,7147,72X-205
1936,7145,72X-205
6212,6031,72X-205
6031,7020,72X-205
6067,6263,72X-205
6065,6262,72X-205
6823,6282,72X-205
6060,6280,72X-205
6267,6068,72X-205
6463,6260,72X-205
6260,6072,72X-205
6258,6918,72X-205
6918,6076,72X-205
6075,6080,72X-205
6073,6071,72X-205
6071,6082,72X-205
6069,2103,72X-205
2439,6261,72X-205
6063,6264,72X-205
6235,7144,72X-205
6053,6243,72X-205
6243,7152,72X-205
1941,7510,72X-205
6210,7512,72X-205
6205,7514,72X-205
6201,6203,72X-205
6203,7518,72X-205
6259,7520,72X-205
6287,7524,72X-205
6285,1759,72X-205
6276,6278,72X-205
6278,6128,72X-205
6281,6062,72X-205
6277,6798,72X-205
6279,6066,72X-205
1875,7858,782-221
7344,7346,783-221
7346,7990,783-221
7348,7992,783-221
7383,7881,783-221
7380,7859,783-221
7351,7985,783-221
7349,7340,783-221
7347,7342,783-221
7842,7597,782-221
7842,7839,783-221
7836,7838,783-221
7585,7457,782-221
7590,7289,782-221
7843,7841,783-221
7859,7857,783-221
7857,7103,783-221
7855,7853,782-221
7855,1890,783-221
7834,7614,783-221
7853,7299,782-221
7853,7740,783-221
7851,7497,782-221
7851,7742,783-221
7838,7840,782-221
7838,7843,783-221
7840,7603,782-221
7840,7842,783-221
1030,7898,782-221
1030,7834,783-221
7614,7845,783-221
7845,7596,782-221
7845,7836,783-221
7844,7640,782-221
7844,7739,783-221
7846,7644,782-221
7846,1895,783-221
7848,7850,783-221
7841,7840,783-221
7850,7242,783-221
7990,7348,783-221
7992,7350,783-221
7994,7129,783-221
7996,7352,783-221
7335,7354,783-221
7330,7361,783-221
7333,7356,783-221
7332,7334,783-221
7331,7358,783-221
7334,7359,783-221
7991,7355,783-221
7989,7987,783-221
7987,7353,783-221
7985,7349,783-221
7340,7347,783-221
7350,7994,783-221
7129,7996,783-221
7352,7335,783-221
7354,7333,783-221
7356,7331,783-221
7358,7244,783-221
7360,7860,783-221
7362,7364,783-221
7364,7864,783-221
7366,7866,783-221
7368,7370,783-221
7370,7870,783-221
7372,7872,783-221
7374,7376,783-221
7376,7876,783-221
7378,7878,783-221
7244,7865,782-221
7244,7360,783-221
7198,8863,OUT-202
7200,7204,OUT-202
7199,8868,OUT-202
7197,8222,OUT-202
7865,7810,782-221
7863,7303,782-221
7861,1601,782-221
1601,7855,782-221
7299,7851,782-221
7497,7804,782-221
7804,1030,782-221
7898,7614,782-221
7596,7585,782-221
7457,7495,782-221
7495,7583,782-221
7583,7515,782-221
7581,7513,782-221
7579,7577,782-221
7577,7511,782-221
7575,7505,782-221
7573,7460,782-221
7460,7571,782-221
7571,7462,782-221
7462,7569,782-221
7569,7706,782-221
7706,7567,782-221
7567,7708,782-221
7708,7592,782-221
7592,7589,782-221
7589,7712,782-221
7712,7716,782-221
7716,7572,782-221
7572,7720,782-221
7720,7563,782-221
7563,1897,782-221
1897,7561,782-221
7561,7433,782-221
1880,7564,782-221
7564,7719,782-221
7719,7715,782-221
7715,7566,782-221
7566,7711,782-221
7711,7568,782-221
7568,7707,782-221
7707,7570,782-221
7570,7705,782-221
7705,7469,782-221
7469,7467,782-221
7467,7504,782-221
7574,7506,782-221
7576,7508,782-221
7578,7510,782-221
7580,7582,782-221
7582,7512,782-221
7584,7514,782-221
7586,7516,782-221
7588,7598,782-221
7598,1414,782-221
1414,7590,782-221
7289,7838,782-221
7603,7842,782-221
7597,7794,782-221
7794,7844,782-221
7640,7846,782-221
7644,7854,782-221
7854,7698,782-221
7856,1875,782-221
7858,7811,782-221
7245,7363,783-221
7345,7344,783-221
7860,7862,783-221
7862,7362,783-221
7864,7366,783-221
7866,7868,783-221
7868,7368,783-221
7870,7372,783-221
7872,7874,783-221
7874,7374,783-221
7876,7378,783-221
7878,7380,783-221
7103,1047,783-221
1047,7855,783-221
1890,7853,783-221
7740,7851,783-221
7742,1030,783-221
7741,7844,783-221
7739,7846,783-221
1895,7848,783-221
7242,8860,783-221
8860,7883,783-221
7883,7383,783-221
7881,7381,783-221
7381,7879,783-221
7879,7379,783-221
7379,7877,783-221
7877,7875,783-221
7875,7377,783-221
7377,7873,783-221
7873,7375,783-221
7375,7871,783-221
7871,7373,783-221
7373,1413,783-221
1413,7371,783-221
7371,7869,783-221
7869,7369,783-221
7369,7867,783-221
7867,7367,783-221
7367,7365,783-221
7365,7245,783-221
7363,7330,783-221
7361,7332,783-221
7359,7357,783-221
7357,7991,783-221
7355,7989,783-221
7353,7351,783-221
4087,4313,941-203
3277,3949,941-203
3630,3120,83-203
3630,3141,856-203
3630,3386,941-203
3257,3084,856-203
3568,4214,83-203
3568,3122,856-203
3568,4134,941-203
3354,3082,856-203
4153,3313,856-203
3348,3315,856-203
3346,4181,856-203
3344,3006,856-203
3342,4327,856-203
3340,4189,856-203
3245,3323,856-203
3256,4198,856-203
3252,4201,856-203
3247,4457,856-203
3250,3061,856-203
3260,3063,856-203
3160,4317,856-203
3158,3742,83-203
3158,4195,856-203
3156,3171,83-203
3156,3107,856-203
3154,3586,83-203
3154,4227,856-203
3152,3175,83-203
3152,3118,856-203
3114,4222,83-203
3114,3112,856-203
3116,3219,83-203
3116,3091,856-203
3110,3353,83-203
3110,3095,856-203
3108,3345,83-203
3108,3097,856-203
3106,3347,83-203
3106,3099,856-203
3101,3103,856-203
3101,3349,83-203
3103,3351,83-203
3103,3135,856-203
3105,3277,83-203
3105,3137,856-203
3122,3107,83-203
3122,3362,856-203
4214,3122,83-203
3107,3565,83-203
3107,4296,856-203
3565,3630,83-203
3120,4400,83-203
3120,3154,856-203
4400,3124,83-203
4400,3630,856-203
3124,3302,83-203
3124,3283,856-203
3302,4246,83-203
3302,3124,856-203
3302,4138,941-203
3118,3589,83-203
3118,3114,856-203
3098,3304,83-203
3098,4361,856-203
3304,3112,83-203
3112,3588,83-203
3112,3116,856-203
3306,3090,83-203
3090,3091,83-203
3091,4315,83-203
3091,3093,856-203
3093,3046,83-203
3093,3110,856-203
3046,3221,83-203
3048,3095,83-203
3095,4225,83-203
3095,3108,856-203
4225,3744,83-203
3097,3050,83-203
3097,3106,856-203
3050,4229,83-203
4229,3200,83-203
4229,4343,856-203
3200,3052,83-203
3052,3099,83-203
3099,3325,83-203
3099,3101,856-203
3325,3198,83-203
3198,3135,83-203
3135,4512,83-203
3135,3105,856-203
4512,3196,83-203
4512,3075,856-203
3196,4407,83-203
4407,3137,83-203
4407,3233,856-203
3137,3184,83-203
3137,3998,856-203
3184,4361,83-203
3184,3109,856-203
4361,3169,83-203
4361,3869,856-203
3169,3139,83-203
3139,3186,83-203
3139,4229,856-203
3186,3043,83-203
3186,4191,856-203
3043,3167,83-203
3167,4227,83-203
3190,3041,83-203
3041,4288,83-203
4288,4335,83-203
4335,4299,83-203
3039,3165,83-203
3165,4260,83-203
3192,3073,83-203
3073,3158,83-203
3194,3109,83-203
3109,3587,83-203
3109,3186,856-203
3171,4191,83-203
4191,3154,83-203
4191,4534,856-203
3173,3152,83-203
3175,4245,83-203
3353,3108,83-203
3353,3067,856-203
3353,4351,941-203
3345,3106,83-203
3347,3101,83-203
3347,3349,856-203
3347,4017,941-203
3349,3103,83-203
3349,3351,856-203
3349,3983,941-203
3351,3105,83-203
3351,3277,856-203
3351,4030,941-203
3362,3139,856-203
3362,4136,941-203
3281,3231,856-203
3283,3867,856-203
3285,3098,856-203
4151,3235,856-203
4467,3243,856-203
3320,3007,856-203
3318,3066,856-203
3314,4194,856-203
3312,4197,856-203
3310,3065,856-203
3282,3320,856-203
3323,3008,856-203
3867,4407,856-203
3867,4140,941-203
3869,4151,856-203
3869,3739,941-203
3998,3347,856-203
3998,4019,941-203
4343,4400,856-203
3141,3281,856-203
3231,4427,856-203
4427,3302,856-203
3233,3285,856-203
3235,3088,856-203
3088,3074,856-203
3074,3086,856-203
3086,4467,856-203
3243,4272,856-203
4272,3257,856-203
3084,3258,856-203
3258,4294,856-203
4294,3354,856-203
3082,3311,856-203
3311,3080,856-203
3080,4276,856-203
4276,4153,856-203
3313,4278,856-203
4278,3078,856-203
3078,3348,856-203
3315,4332,856-203
4332,3346,856-203
4181,3068,856-203
3068,4202,856-203
4202,3317,856-203
3317,3344,856-203
3006,4107,856-203
4107,3010,856-203
3010,3319,856-203
3319,3342,856-203
4327,3350,856-203
3350,4199,856-203
4199,3340,856-203
4189,4282,856-203
4282,3245,856-203
3008,3256,856-203
4198,3282,856-203
3007,3252,856-203
4201,3318,856-203
3066,3247,856-203
4457,3059,856-203
3059,3314,856-203
4194,3250,856-203
3061,3312,856-203
4197,3260,856-203
3063,3160,856-203
4317,3310,856-203
3065,3158,856-203
4195,3353,856-203
3067,3081,856-203
3081,3071,856-203
3071,4512,856-203
3075,3184,856-203
4534,3156,856-203
4296,3120,856-203
1086,4146,966-203
7130,3961,966-203
1069,4074,966-203
7224,7135,966-203
3386,3302,941-203
3388,3867,941-203
3361,4021,941-203
3363,4067,941-203
3737,4142,941-203
3739,3721,941-203
3729,4150,941-203
3785,3912,941-203
3731,4045,941-203
3733,4162,941-203
3783,3914,941-203
3875,4204,941-203
4101,4075,941-203
4010,3785,941-203
3881,4049,941-203
3882,4047,941-203
3880,4043,941-203
3878,4037,941-203
3892,4027,941-203
3888,4025,941-203
3886,4023,941-203
3343,4015,941-203
3901,4210,966-203
4030,3277,941-203
4030,7174,966-203
4256,4056,941-203
4056,4054,941-203
4054,4319,941-203
4319,4087,941-203
3961,4150,966-203
4072,4068,941-203
4068,4066,941-203
4066,4062,941-203
4062,4060,941-203
4060,4058,941-203
4058,4256,941-203
4074,4076,966-203
4076,1028,966-203
4078,4067,966-203
4080,8541,966-203
3983,3351,941-203
3983,4013,966-203
4082,4019,966-203
4084,4017,966-203
3949,7203,966-203
3951,7201,966-203
3953,7177,966-203
4110,7208,966-203
3955,7231,966-203
3957,7227,966-203
3959,4072,941-203
3959,1086,966-203
4160,3731,941-203
4160,7221,966-203
4045,3733,941-203
4045,7219,966-203
4162,4051,966-203
4162,3875,941-203
4204,4010,941-203
4067,3343,941-203
4067,4080,966-203
4015,3353,941-203
4015,7180,966-203
4351,3998,941-203
4351,4082,966-203
4210,3983,966-203
4019,3347,941-203
4019,7202,966-203
4013,4130,966-203
4017,3349,941-203
4017,4110,966-203
4130,4132,966-203
4132,4176,966-203
4075,3881,941-203
4049,3882,941-203
4049,4047,966-203
4047,3880,941-203
4047,4043,966-203
4043,3878,941-203
4043,4037,966-203
4134,3362,941-203
4134,4030,966-203
4136,3630,941-203
4138,3388,941-203
4138,3951,966-203
4140,3737,941-203
4140,3953,966-203
4142,3869,941-203
4142,3957,966-203
4144,4146,941-203
4144,3959,966-203
4146,3728,941-203
4148,3727,941-203
4148,7130,966-203
4150,4160,941-203
4150,7136,966-203
4051,7215,966-203
4053,7222,966-203
4055,7224,966-203
4057,7131,966-203
4059,4086,966-203
4061,1069,966-203
4021,3363,941-203
4021,7176,966-203
3876,3874,941-203
3874,4033,941-203
3872,4031,941-203
3870,4029,941-203
3721,4144,941-203
3728,4148,941-203
3727,3729,941-203
3912,3783,941-203
3914,4101,941-203
4037,4035,966-203
4035,3876,941-203
4035,4033,966-203
4033,3872,941-203
4033,4031,966-203
4031,3870,941-203
4031,4029,966-203
4029,3892,941-203
4027,3888,941-203
4025,3886,941-203
4023,3361,941-203
4086,4061,966-203
7174,3949,966-203
7174,7203,OUT-202
4176,4174,966-203
4174,4172,966-203
4172,4170,966-203
4170,4168,966-203
4166,4164,966-203
4164,4049,966-203
4835,4539,982-221
4835,4712,983-221
4502,4714,983-221
4501,4705,982-221
4501,4619,983-221
4540,4701,982-221
4540,4912,983-221
4912,4621,983-221
4839,4625,983-221
4783,4733,983-221
4820,4696,983-221
4785,4787,983-221
4787,4630,983-221
4455,4698,982-221
4455,4715,983-221
4983,4709,982-221
4983,4835,983-221
4709,4835,982-221
4539,4707,982-221
4707,4502,982-221
4705,4703,982-221
4703,4540,982-221
4701,4674,982-221
4674,4607,982-221
4607,4672,982-221
4672,4609,982-221
4609,4670,982-221
4670,4668,982-221
4668,4611,982-221
4611,4613,982-221
4613,4666,982-221
4666,4664,982-221
4666,4645,983-221
4664,4615,982-221
4615,4662,982-221
4662,4581,982-221
4581,4660,982-221
4660,4617,982-221
4617,4501,983-221
4619,4658,982-221
4619,4540,983-221
4658,4621,982-221
4621,4656,982-221
4656,4752,982-221
4752,4623,982-221
4623,4750,982-221
4623,4839,983-221
4750,4625,982-221
4625,4820,983-221
4627,4748,982-221
4627,4730,983-221
4748,4746,982-221
4746,4629,982-221
4631,4744,982-221
4744,4633,982-221
4633,4742,982-221
4742,4747,982-221
4747,4635,982-221
4635,4637,982-221
4637,4745,982-221
4745,4639,982-221
4639,4743,982-221
4743,4741,982-221
4741,4641,982-221
4641,4734,982-221
4641,4643,983-221
4734,4739,982-221
4739,4736,982-221
4736,4644,982-221
4644,4642,983-221
4642,4738,982-221
4642,4682,983-221
4738,4640,982-221
4640,4740,982-221
4740,4749,982-221
4749,4638,982-221
4638,4751,982-221
4751,4636,982-221
4636,4753,982-221
4753,4634,982-221
4634,4755,982-221
4755,4632,982-221
4632,4757,982-221
4757,4630,982-221
4630,4628,983-221
4628,4759,982-221
4628,4547,983-221
4759,4653,982-221
4653,4626,982-221
4626,4624,982-221
4626,4566,983-221
4624,4657,982-221
4657,4659,982-221
4659,4622,982-221
4622,4661,982-221
4622,4620,983-221
4661,4620,982-221
4620,4455,983-221
4618,4663,982-221
4663,4665,982-221
4665,4616,982-221
4665,4650,983-221
4616,4667,982-221
4667,4614,982-221
4614,4669,982-221
4669,4612,982-221
4612,4671,982-221
4671,4610,982-221
4610,4673,982-221
4673,4608,982-221
4608,4606,982-221
4606,4675,982-221
4675,4455,982-221
4700,4982,982-221
4702,4704,982-221
4704,4526,982-221
4526,4710,982-221
4706,4983,983-221
4712,4502,983-221
4714,4617,983-221
4696,4627,983-221
4730,4694,983-221
4694,4520,983-221
4520,4692,983-221
4692,4716,983-221
4716,4691,983-221
4691,4690,983-221
4690,4718,983-221
4718,4721,983-221
4721,4688,983-221
4688,4723,983-221
4723,4686,983-221
4686,4685,983-221
4685,4724,983-221
4724,4683,983-221
4683,4727,983-221
4727,4681,983-221
4681,4731,983-221
4731,4676,983-221
4676,4641,983-221
4643,4678,983-221
4678,4666,983-221
4645,4647,983-221
4647,4774,983-221
4774,4772,983-221
4772,4649,983-221
4649,4758,983-221
4758,4770,983-221
4770,4767,983-221
4767,4768,983-221
4768,4769,983-221
4769,4766,983-221
4766,4771,983-221
4771,4764,983-221
4764,4773,983-221
4773,4762,983-221
4762,4775,983-221
4775,4760,983-221
4760,4777,983-221
4777,4765,983-221
4765,4654,983-221
4654,4779,983-221
4779,4781,983-221
4781,4652,983-221
4652,4665,983-221
4650,4679,983-221
4679,4648,983-221
4648,4677,983-221
4677,4646,983-221
4646,4680,983-221
4680,4644,983-221
4682,4684,983-221
4684,4732,983-221
4732,4687,983-221
4687,4726,983-221
4726,4725,983-221
4725,4689,983-221
4689,4693,983-221
4693,4722,983-221
4722,4720,983-221
4720,4695,983-221
4697,4719,983-221
4719,4717,983-221
4717,4699,983-221
4699,4783,983-221
4733,4735,983-221
4735,4785,983-221
4547,4626,983-221
4566,4624,983-221
4715,4982,983-221
4713,4711,983-221
7186,8032,OUT-202
7188,8034,OUT-202
7195,8226,OUT-202
7190,8229,OUT-202
7193,7191,OUT-202
7192,8227,OUT-202
7191,8228,OUT-202
7194,7196,OUT-202
7189,8035,OUT-202
7196,8225,OUT-202
7187,8033,OUT-202
7185,8879,OUT-202
1077,7174,OUT-202
8228,7189,OUT-202
8221,7190,OUT-202
